concept_id,core_gloss_en,category,priority_tier,lat_lemma,lemma_pos,lemma_status,lemma_source,anchor_notes
BODY_01_HEAD,Head,Body & Anatomy,C1 Core,caput,N,gold,Classical Latin (std. dictionary),
BODY_02_HAIR_(HEAD),Hair (head),Body & Anatomy,C2 Near-Universal,capillus,N,gold,Classical Latin (std. dictionary),
BODY_03_EYE,Eye,Body & Anatomy,C1 Core,oculus,N,gold,Classical Latin (std. dictionary),
BODY_04_EAR,Ear,Body & Anatomy,C1 Core,auris,N,gold,Classical Latin (std. dictionary),
BODY_05_NOSE,Nose,Body & Anatomy,C1 Core,nasus,N,gold,Classical Latin (std. dictionary),
BODY_06_MOUTH,Mouth,Body & Anatomy,C1 Core,os,N,gold,Classical Latin (std. dictionary),
BODY_07_TOOTH,Tooth,Body & Anatomy,C1 Core,dens,N,gold,Classical Latin (std. dictionary),
BODY_08_TONGUE,Tongue,Body & Anatomy,C1 Core,lingua,N,gold,Classical Latin (std. dictionary),
BODY_09_NECK,Neck,Body & Anatomy,C2 Near-Universal,collum,N,gold,Classical Latin (std. dictionary),
BODY_10_SHOULDER,Shoulder,Body & Anatomy,C2 Near-Universal,umerus,N,gold,Classical Latin (std. dictionary),
BODY_11_ARM,Arm,Body & Anatomy,C1 Core,bracchium,N,gold,Classical Latin (std. dictionary),
BODY_12_ELBOW,Elbow,Body & Anatomy,C2 Near-Universal,cubitus,N,gold,Classical Latin (std. dictionary),
BODY_13_HAND,Hand,Body & Anatomy,C1 Core,manus,N,gold,Classical Latin (std. dictionary),
BODY_14_FINGER,Finger,Body & Anatomy,C1 Core,digitus,N,gold,Classical Latin (std. dictionary),
BODY_15_NAIL,Nail,Body & Anatomy,C2 Near-Universal,unguis,N,gold,Classical Latin (std. dictionary),
BODY_16_CHEST_BREAST,Chest / Breast,Body & Anatomy,C2 Near-Universal,pectus,N,gold,Classical Latin (std. dictionary),
BODY_17_BACK,Back,Body & Anatomy,C2 Near-Universal,dorsum,N,gold,Classical Latin (std. dictionary),
BODY_18_BELLY_STOMACH,Belly / Stomach,Body & Anatomy,C1 Core,venter,N,gold,Classical Latin (std. dictionary),
BODY_19_HIP,Hip,Body & Anatomy,C2 Near-Universal,coxa,N,gold,Classical Latin (std. dictionary),
BODY_20_LEG,Leg,Body & Anatomy,C1 Core,crus,N,gold,Classical Latin (std. dictionary),
BODY_21_KNEE,Knee,Body & Anatomy,C2 Near-Universal,genu,N,gold,Classical Latin (std. dictionary),
BODY_22_FOOT,Foot,Body & Anatomy,C1 Core,pes,N,gold,Classical Latin (std. dictionary),
BODY_23_BONE,Bone,Body & Anatomy,C1 Core,os,N,gold,Classical Latin (std. dictionary),
BODY_24_HEART,Heart,Body & Anatomy,C1 Core,cor,N,gold,Classical Latin (std. dictionary),
BODY_25_LUNG,Lung,Body & Anatomy,C2 Near-Universal,pulmo,N,gold,Classical Latin (std. dictionary),
BODY_26_LIVER,Liver,Body & Anatomy,C2 Near-Universal,iecur,N,gold,Classical Latin (std. dictionary),
BODY_27_BLOOD,Blood,Body & Anatomy,C1 Core,sanguis,N,gold,Classical Latin (std. dictionary),
BODY_28_SKIN_HIDE,Skin / Hide,Body & Anatomy,C1 Core,cutis,N,gold,Classical Latin (std. dictionary),
BODY_29_BRAIN,Brain,Body & Anatomy,C2 Near-Universal,cerebrum,N,gold,Classical Latin (std. dictionary),
BODY_30_BREATH,Breath,Body & Anatomy,C1 Core,spiritus,N,gold,Classical Latin (std. dictionary),
BODY_31_FAT_GREASE,Fat / Grease,Body & Anatomy,C2 Near-Universal,adeps,N,gold,Classical Latin (std. dictionary),
BODY_32_MARROW,Marrow,Body & Anatomy,C2 Near-Universal,medulla,N,gold,Classical Latin (std. dictionary),
BODY_33_SWEAT,Sweat,Body & Anatomy,C2 Near-Universal,sudor,N,gold,Classical Latin (std. dictionary),
BODY_34_TEAR_(EYE),Tear (eye),Body & Anatomy,C2 Near-Universal,lacrima,N,gold,Classical Latin (std. dictionary),
BODY_35_SALIVA,Saliva,Body & Anatomy,C2 Near-Universal,saliva,N,gold,Classical Latin (std. dictionary),
BODY_36_VOICE,Voice,Body & Anatomy,C2 Near-Universal,vox,N,gold,Classical Latin (std. dictionary),
KIN_01_MOTHER,Mother,Family & Kinship,C1 Core,mater,N,gold,Classical Latin (std. dictionary),
KIN_02_FATHER,Father,Family & Kinship,C1 Core,pater,N,gold,Classical Latin (std. dictionary),
KIN_03_BROTHER,Brother,Family & Kinship,C1 Core,frater,N,gold,Classical Latin (std. dictionary),
KIN_04_SISTER,Sister,Family & Kinship,C1 Core,soror,N,gold,Classical Latin (std. dictionary),
KIN_05_SON,Son,Family & Kinship,C1 Core,filius,N,gold,Classical Latin (std. dictionary),
KIN_06_DAUGHTER,Daughter,Family & Kinship,C1 Core,filia,N,gold,Classical Latin (std. dictionary),
KIN_07_CHILD_(OFFSPRING),Child (offspring),Family & Kinship,C1 Core,infans,N,gold,Classical Latin (std. dictionary),
KIN_08_PARENT,Parent,Family & Kinship,C2 Near-Universal,parens,N,gold,Classical Latin (std. dictionary),
KIN_09_HUSBAND,Husband,Family & Kinship,C2 Near-Universal,maritus,N,gold,Classical Latin (std. dictionary),
KIN_10_WIFE,Wife,Family & Kinship,C2 Near-Universal,uxor,N,gold,Classical Latin (std. dictionary),
KIN_11_MAN_(MALE_HUMAN),Man (male human),Family & Kinship,C1 Core,vir,N,gold,Classical Latin (std. dictionary),
KIN_12_WOMAN_(FEMALE_HUMAN),Woman (female human),Family & Kinship,C1 Core,femina,N,gold,Classical Latin (std. dictionary),
KIN_13_PERSON_HUMAN,Person / Human,Family & Kinship,C1 Core,homo,N,gold,Classical Latin (std. dictionary),
KIN_14_FAMILY,Family,Family & Kinship,C2 Near-Universal,familia,N,gold,Classical Latin (std. dictionary),
KIN_15_ANCESTOR,Ancestor,Family & Kinship,C2 Near-Universal,proavus,N,gold,Classical Latin (std. dictionary),
KIN_16_TRIBE_CLAN,Tribe / Clan,Family & Kinship,C2 Near-Universal,tribus,N,gold,Classical Latin (std. dictionary),
NATURE_01_SUN,Sun,Nature & Environment,C1 Core,sol,N,gold,Classical Latin (std. dictionary),
NATURE_02_MOON,Moon,Nature & Environment,C1 Core,luna,N,gold,Classical Latin (std. dictionary),
NATURE_03_STAR,Star,Nature & Environment,C2 Near-Universal,stella,N,gold,Classical Latin (std. dictionary),
NATURE_04_SKY_HEAVEN,Sky / Heaven,Nature & Environment,C1 Core,caelum,N,gold,Classical Latin (std. dictionary),
NATURE_05_EARTH_GROUND_SOIL,Earth / Ground / Soil,Nature & Environment,C1 Core,terra,N,gold,Classical Latin (std. dictionary),
NATURE_06_FIRE,Fire,Nature & Environment,C1 Core,ignis,N,gold,Classical Latin (std. dictionary),
NATURE_07_WATER,Water,Nature & Environment,C1 Core,aqua,N,gold,Classical Latin (std. dictionary),
NATURE_08_WIND_AIR,Wind / Air,Nature & Environment,C1 Core,ventus,N,gold,Classical Latin (std. dictionary),
NATURE_09_STONE_ROCK,Stone / Rock,Nature & Environment,C1 Core,lapis,N,gold,Classical Latin (std. dictionary),
NATURE_10_MOUNTAIN,Mountain,Nature & Environment,C2 Near-Universal,mons,N,gold,Classical Latin (std. dictionary),
NATURE_11_RIVER_STREAM,River / Stream,Nature & Environment,C1 Core,flumen,N,gold,Classical Latin (std. dictionary),
NATURE_12_SEA_LAKE,Sea / Lake,Nature & Environment,C2 Near-Universal,mare,N,gold,Classical Latin (std. dictionary),
NATURE_13_TREE,Tree,Nature & Environment,C1 Core,arbor,N,gold,Classical Latin (std. dictionary),
NATURE_14_LEAF,Leaf,Nature & Environment,C1 Core,folium,N,gold,Classical Latin (std. dictionary),
NATURE_15_SEED,Seed,Nature & Environment,C1 Core,semen,N,gold,Classical Latin (std. dictionary),
NATURE_16_ROOT_(PLANT),Root (plant),Nature & Environment,C1 Core,radix,N,gold,Classical Latin (std. dictionary),
NATURE_17_WOOD_(MATERIAL),Wood (material),Nature & Environment,C1 Core,lignum,N,gold,Classical Latin (std. dictionary),
NATURE_18_GRASS,Grass,Nature & Environment,C2 Near-Universal,herba,N,gold,Classical Latin (std. dictionary),
NATURE_19_SAND,Sand,Nature & Environment,C2 Near-Universal,harena,N,gold,Classical Latin (std. dictionary),
NATURE_20_CLAY_MUD,Clay / Mud,Nature & Environment,C2 Near-Universal,lutum,N,gold,Classical Latin (std. dictionary),
NATURE_21_DUST,Dust,Nature & Environment,C2 Near-Universal,pulvis,N,gold,Classical Latin (std. dictionary),
NATURE_22_SMOKE,Smoke,Nature & Environment,C1 Core,fumus,N,gold,Classical Latin (std. dictionary),
NATURE_23_ASH,Ash,Nature & Environment,C1 Core,cinis,N,gold,Classical Latin (std. dictionary),
NATURE_24_RAIN,Rain,Nature & Environment,C1 Core,pluvia,N,gold,Classical Latin (std. dictionary),
NATURE_25_SNOW_ICE,Snow / Ice,Nature & Environment,C2 Near-Universal,nix,N,gold,Classical Latin (std. dictionary),
NATURE_26_THUNDER,Thunder,Nature & Environment,C2 Near-Universal,tonitrus,N,gold,Classical Latin (std. dictionary),
NATURE_27_LIGHTNING,Lightning,Nature & Environment,C2 Near-Universal,fulmen,N,gold,Classical Latin (std. dictionary),
NATURE_28_STONE_TOOL_AXE,Stone Tool / Axe,Nature & Environment,C2 Near-Universal,securis,N,gold,Classical Latin (std. dictionary),
CREATURE_01_ANIMAL_BEAST_(GENERIC),Animal / Beast (generic),Key Domesticates & Creatures,C1 Core,animal,N,gold,Classical Latin (std. dictionary),
CREATURE_02_BIRD,Bird,Key Domesticates & Creatures,C1 Core,avis,N,gold,Classical Latin (std. dictionary),
CREATURE_03_FISH,Fish,Key Domesticates & Creatures,C1 Core,piscis,N,gold,Classical Latin (std. dictionary),
CREATURE_04_SNAKE_SERPENT,Snake / Serpent,Key Domesticates & Creatures,C2 Near-Universal,serpens,N,gold,Classical Latin (std. dictionary),
CREATURE_05_DOG,Dog,Key Domesticates & Creatures,C1 Core,canis,N,gold,Classical Latin (std. dictionary),
CREATURE_06_COW_OX_CATTLE,Cow / Ox / Cattle,Key Domesticates & Creatures,C1 Core,bos,N,gold,Classical Latin (std. dictionary),
CREATURE_07_SHEEP_GOAT,Sheep / Goat,Key Domesticates & Creatures,C1 Core,ovis,N,gold,Classical Latin (std. dictionary),
CREATURE_08_HORSE,Horse,Key Domesticates & Creatures,C2 Near-Universal,equus,N,gold,Classical Latin (std. dictionary),
CREATURE_09_DONKEY,Donkey,Key Domesticates & Creatures,C2 Near-Universal,asinus,N,gold,Classical Latin (std. dictionary),
CREATURE_10_CAMEL,Camel,Key Domesticates & Creatures,R Regional,camelus,N,gold,Classical Latin (std. dictionary),
CREATURE_11_PIG_BOAR,Pig / Boar,Key Domesticates & Creatures,C2 Near-Universal,porcus,N,gold,Classical Latin (std. dictionary),
CREATURE_12_CHICKEN_FOWL,Chicken / Fowl,Key Domesticates & Creatures,C2 Near-Universal,gallina,N,gold,Classical Latin (std. dictionary),
CREATURE_13_BEE,Bee,Key Domesticates & Creatures,C2 Near-Universal,apis,N,gold,Classical Latin (std. dictionary),
CREATURE_14_WOLF,Wolf,Key Domesticates & Creatures,C2 Near-Universal,lupus,N,gold,Classical Latin (std. dictionary),
TIME_SPACE_01_DAY,Day,Time & Space,C1 Core,dies,N,gold,Classical Latin (std. dictionary),
TIME_SPACE_02_NIGHT,Night,Time & Space,C1 Core,nox,N,gold,Classical Latin (std. dictionary),
TIME_SPACE_03_YEAR,Year,Time & Space,C1 Core,annus,N,gold,Classical Latin (std. dictionary),
TIME_SPACE_04_TIME_(DURATION),Time (duration),Time & Space,C1 Core,tempus,N,gold,Classical Latin (std. dictionary),
TIME_SPACE_05_MORNING,Morning,Time & Space,C2 Near-Universal,mane,ADV,gold,Classical Latin (std. dictionary),
TIME_SPACE_06_EVENING,Evening,Time & Space,C2 Near-Universal,vesper,N,gold,Classical Latin (std. dictionary),
TIME_SPACE_07_TODAY_NOW,Today / Now,Time & Space,C1 Core,hodie,ADV,gold,Classical Latin (std. dictionary),
TIME_SPACE_08_YESTERDAY,Yesterday,Time & Space,C1 Core,heri,ADV,gold,Classical Latin (std. dictionary),
TIME_SPACE_09_TOMORROW,Tomorrow,Time & Space,C1 Core,cras,ADV,gold,Classical Latin (std. dictionary),
TIME_SPACE_10_BEFORE,Before,Time & Space,C1 Core,ante,ADV,gold,Classical Latin (std. dictionary),
TIME_SPACE_11_AFTER,After,Time & Space,C1 Core,post,ADV,gold,Classical Latin (std. dictionary),
TIME_SPACE_12_EARLY_SOON,Early / Soon,Time & Space,C2 Near-Universal,mox,ADV,gold,Classical Latin (std. dictionary),
TIME_SPACE_13_LATE,Late,Time & Space,C2 Near-Universal,sero,ADV,gold,Classical Latin (std. dictionary),
TIME_SPACE_14_HERE,Here,Time & Space,C1 Core,hic,ADV,gold,Classical Latin (std. dictionary),
TIME_SPACE_15_THERE,There,Time & Space,C1 Core,ibi,ADV,gold,Classical Latin (std. dictionary),
TIME_SPACE_16_NEAR,Near,Time & Space,C1 Core,prope,ADV,gold,Classical Latin (std. dictionary),
TIME_SPACE_17_FAR,Far,Time & Space,C1 Core,longe,ADV,gold,Classical Latin (std. dictionary),
TIME_SPACE_18_UP_ABOVE,Up / Above,Time & Space,C1 Core,supra,ADV,gold,Classical Latin (std. dictionary),
TIME_SPACE_19_DOWN_BELOW,Down / Below,Time & Space,C1 Core,infra,ADV,gold,Classical Latin (std. dictionary),
TIME_SPACE_20_INSIDE,Inside,Time & Space,C1 Core,intus,ADV,gold,Classical Latin (std. dictionary),
TIME_SPACE_21_OUTSIDE,Outside,Time & Space,C1 Core,foris,ADV,gold,Classical Latin (std. dictionary),
TIME_SPACE_22_FRONT,Front,Time & Space,C2 Near-Universal,frons,N,gold,Classical Latin (std. dictionary),
TIME_SPACE_23_BACK_(LOCATION),Back (location),Time & Space,C2 Near-Universal,tergum,N,gold,Classical Latin (std. dictionary),
TIME_SPACE_24_LEFT,Left,Time & Space,C2 Near-Universal,sinister,ADJ,gold,Classical Latin (std. dictionary),
TIME_SPACE_25_RIGHT,Right,Time & Space,C2 Near-Universal,dexter,ADJ,gold,Classical Latin (std. dictionary),
MOTION_01_GO_WALK,Go / Walk,Motion & Physical Verbs,C1 Core,ire,V,gold,Classical Latin (std. dictionary),
MOTION_02_COME,Come,Motion & Physical Verbs,C1 Core,venire,V,gold,Classical Latin (std. dictionary),
MOTION_03_RUN,Run,Motion & Physical Verbs,C1 Core,currere,V,gold,Classical Latin (std. dictionary),
MOTION_04_ENTER,Enter,Motion & Physical Verbs,C1 Core,intrare,V,gold,Classical Latin (std. dictionary),
MOTION_05_EXIT_LEAVE,Exit / Leave,Motion & Physical Verbs,C1 Core,exire,V,gold,Classical Latin (std. dictionary),
MOTION_06_SIT,Sit,Motion & Physical Verbs,C1 Core,sedere,V,gold,Classical Latin (std. dictionary),
MOTION_07_STAND,Stand,Motion & Physical Verbs,C1 Core,stare,V,gold,Classical Latin (std. dictionary),
MOTION_08_LIE_(RECLINE),Lie (recline),Motion & Physical Verbs,C2 Near-Universal,recumbere,V,gold,Classical Latin (std. dictionary),
MOTION_09_FALL,Fall,Motion & Physical Verbs,C1 Core,cadere,V,gold,Classical Latin (std. dictionary),
MOTION_10_CLIMB,Climb,Motion & Physical Verbs,C2 Near-Universal,scandere,V,gold,Classical Latin (std. dictionary),
MOTION_11_CARRY,Carry,Motion & Physical Verbs,C1 Core,portare,V,gold,Classical Latin (std. dictionary),
MOTION_12_BRING,Bring,Motion & Physical Verbs,C1 Core,afferre,V,gold,Classical Latin (std. dictionary),
MOTION_13_TAKE,Take,Motion & Physical Verbs,C1 Core,capere,V,gold,Classical Latin (std. dictionary),
MOTION_14_GIVE,Give,Motion & Physical Verbs,C1 Core,dare,V,gold,Classical Latin (std. dictionary),
MOTION_15_PUT_PLACE,Put / Place,Motion & Physical Verbs,C1 Core,ponere,V,gold,Classical Latin (std. dictionary),
MOTION_16_HOLD,Hold,Motion & Physical Verbs,C1 Core,tenere,V,gold,Classical Latin (std. dictionary),
MOTION_17_THROW,Throw,Motion & Physical Verbs,C1 Core,iacere,V,gold,Classical Latin (std. dictionary),
MOTION_18_HIT_STRIKE,Hit / Strike,Motion & Physical Verbs,C1 Core,ferire,V,gold,Classical Latin (std. dictionary),
MOTION_19_CUT,Cut,Motion & Physical Verbs,C1 Core,caedere,V,gold,Classical Latin (std. dictionary),
MOTION_20_BREAK,Break,Motion & Physical Verbs,C1 Core,frangere,V,gold,Classical Latin (std. dictionary),
MOTION_21_OPEN,Open,Motion & Physical Verbs,C1 Core,aperire,V,gold,Classical Latin (std. dictionary),
MOTION_22_CLOSE,Close,Motion & Physical Verbs,C1 Core,claudere,V,gold,Classical Latin (std. dictionary),
MOTION_23_FLY,Fly,Motion & Physical Verbs,C2 Near-Universal,volare,V,gold,Classical Latin (std. dictionary),
MOTION_24_SWIM,Swim,Motion & Physical Verbs,C2 Near-Universal,natare,V,gold,Classical Latin (std. dictionary),
NEED_01_EAT,Eat,Needs & Human Actions,C1 Core,edere,V,gold,Classical Latin (std. dictionary),
NEED_02_DRINK,Drink,Needs & Human Actions,C1 Core,bibere,V,gold,Classical Latin (std. dictionary),
NEED_03_BREATHE,Breathe,Needs & Human Actions,C1 Core,spirare,V,gold,Classical Latin (std. dictionary),
NEED_04_SLEEP,Sleep,Needs & Human Actions,C1 Core,dormire,V,gold,Classical Latin (std. dictionary),
NEED_05_WAKE,Wake,Needs & Human Actions,C1 Core,evigilare,V,gold,Classical Latin (std. dictionary),
NEED_06_LIVE_BE_ALIVE,Live / Be Alive,Needs & Human Actions,C1 Core,vivere,V,gold,Classical Latin (std. dictionary),
NEED_07_DIE,Die,Needs & Human Actions,C1 Core,mori,V,gold,Classical Latin (std. dictionary),
NEED_08_KILL,Kill,Needs & Human Actions,C1 Core,occidere,V,gold,Classical Latin (std. dictionary),
NEED_09_HUNT,Hunt,Needs & Human Actions,C2 Near-Universal,venari,V,gold,Classical Latin (std. dictionary),
NEED_10_COOK,Cook,Needs & Human Actions,C2 Near-Universal,coquere,V,gold,Classical Latin (std. dictionary),
NEED_11_BURN_(TR/INTR),Burn (tr/intr),Needs & Human Actions,C1 Core,ardere,V,gold,Classical Latin (std. dictionary),
NEED_12_SPEAK_SAY_TALK,Speak / Say / Talk,Needs & Human Actions,C1 Core,dicere,V,gold,Classical Latin (std. dictionary),
NEED_13_HEAR,Hear,Needs & Human Actions,C1 Core,audire,V,gold,Classical Latin (std. dictionary),
NEED_14_SEE,See,Needs & Human Actions,C1 Core,videre,V,gold,Classical Latin (std. dictionary),
NEED_15_SMELL,Smell,Needs & Human Actions,C1 Core,olfacere,V,gold,Classical Latin (std. dictionary),
NEED_16_TASTE,Taste,Needs & Human Actions,C2 Near-Universal,gustare,V,gold,Classical Latin (std. dictionary),
NEED_17_TOUCH,Touch,Needs & Human Actions,C1 Core,tangere,V,gold,Classical Latin (std. dictionary),
NEED_18_KNOW,Know,Needs & Human Actions,C1 Core,scire,V,gold,Classical Latin (std. dictionary),
NEED_19_THINK,Think,Needs & Human Actions,C1 Core,cogitare,V,gold,Classical Latin (std. dictionary),
NEED_20_REMEMBER,Remember,Needs & Human Actions,C2 Near-Universal,meminisse,V,gold,Classical Latin (std. dictionary),
NEED_21_FORGET,Forget,Needs & Human Actions,C2 Near-Universal,oblivisci,V,gold,Classical Latin (std. dictionary),
NEED_22_WANT_DESIRE,Want / Desire,Needs & Human Actions,C1 Core,velle,V,gold,Classical Latin (std. dictionary),
NEED_23_LIKE_LOVE,Like / Love,Needs & Human Actions,C1 Core,amare,V,gold,Classical Latin (std. dictionary),
NEED_24_FEAR,Fear,Needs & Human Actions,C1 Core,timere,V,gold,Classical Latin (std. dictionary),
NEED_25_PAIN_HURT,Pain / Hurt,Needs & Human Actions,C1 Core,dolere,V,gold,Classical Latin (std. dictionary),
NEED_26_LAUGH,Laugh,Needs & Human Actions,C2 Near-Universal,ridere,V,gold,Classical Latin (std. dictionary),
NEED_27_CRY_(WEEP),Cry (weep),Needs & Human Actions,C2 Near-Universal,flere,V,gold,Classical Latin (std. dictionary),
NEED_28_BITE,Bite,Needs & Human Actions,C1 Core,mordere,V,gold,Classical Latin (std. dictionary),
NEED_29_CHEW,Chew,Needs & Human Actions,C2 Near-Universal,mandere,V,gold,Classical Latin (std. dictionary),
NEED_30_SWALLOW,Swallow,Needs & Human Actions,C2 Near-Universal,deglutire,V,gold,Classical Latin (std. dictionary),
NEED_31_SPIT,Spit,Needs & Human Actions,C2 Near-Universal,spuere,V,gold,Classical Latin (std. dictionary),
NEED_32_URINATE,Urinate,Needs & Human Actions,C2 Near-Universal,mingere,V,gold,Classical Latin (std. dictionary),
NEED_33_DEFECATE,Defecate,Needs & Human Actions,C2 Near-Universal,cacare,V,gold,Classical Latin (std. dictionary),
QUAL_01_ONE,One,"Quantity, Quality & Identity",C1 Core,unus,NUM,gold,Classical Latin (std. dictionary),
QUAL_02_TWO,Two,"Quantity, Quality & Identity",C1 Core,duo,NUM,gold,Classical Latin (std. dictionary),
QUAL_03_THREE,Three,"Quantity, Quality & Identity",C1 Core,tres,NUM,gold,Classical Latin (std. dictionary),
QUAL_04_FOUR,Four,"Quantity, Quality & Identity",C1 Core,quattuor,NUM,gold,Classical Latin (std. dictionary),
QUAL_05_FIVE,Five,"Quantity, Quality & Identity",C1 Core,quinque,NUM,gold,Classical Latin (std. dictionary),
QUAL_06_SIX,Six,"Quantity, Quality & Identity",C2 Near-Universal,sex,NUM,gold,Classical Latin (std. dictionary),
QUAL_07_SEVEN,Seven,"Quantity, Quality & Identity",C2 Near-Universal,septem,NUM,gold,Classical Latin (std. dictionary),
QUAL_08_EIGHT,Eight,"Quantity, Quality & Identity",C2 Near-Universal,octo,NUM,gold,Classical Latin (std. dictionary),
QUAL_09_NINE,Nine,"Quantity, Quality & Identity",C2 Near-Universal,novem,NUM,gold,Classical Latin (std. dictionary),
QUAL_10_TEN,Ten,"Quantity, Quality & Identity",C2 Near-Universal,decem,NUM,gold,Classical Latin (std. dictionary),
QUAL_11_ALL,All,"Quantity, Quality & Identity",C1 Core,omnis,ADJ,gold,Classical Latin (std. dictionary),
QUAL_12_MANY,Many,"Quantity, Quality & Identity",C1 Core,multi,ADJ,gold,Classical Latin (std. dictionary),
QUAL_13_FEW,Few,"Quantity, Quality & Identity",C1 Core,pauci,ADJ,gold,Classical Latin (std. dictionary),
QUAL_14_SOME,Some,"Quantity, Quality & Identity",C1 Core,aliqui,ADJ,gold,Classical Latin (std. dictionary),
QUAL_15_SAME,Same,"Quantity, Quality & Identity",C1 Core,idem,ADJ,gold,Classical Latin (std. dictionary),
QUAL_16_DIFFERENT,Different,"Quantity, Quality & Identity",C1 Core,diversus,ADJ,gold,Classical Latin (std. dictionary),
QUAL_17_BIG_LARGE,Big / Large,"Quantity, Quality & Identity",C1 Core,magnus,ADJ,gold,Classical Latin (std. dictionary),
QUAL_18_SMALL_LITTLE,Small / Little,"Quantity, Quality & Identity",C1 Core,parvus,ADJ,gold,Classical Latin (std. dictionary),
QUAL_19_LONG,Long,"Quantity, Quality & Identity",C1 Core,longus,ADJ,gold,Classical Latin (std. dictionary),
QUAL_20_SHORT,Short,"Quantity, Quality & Identity",C1 Core,brevis,ADJ,gold,Classical Latin (std. dictionary),
QUAL_21_TALL_HIGH,Tall / High,"Quantity, Quality & Identity",C2 Near-Universal,altus,ADJ,gold,Classical Latin (std. dictionary),
QUAL_22_DEEP,Deep,"Quantity, Quality & Identity",C2 Near-Universal,profundus,ADJ,gold,Classical Latin (std. dictionary),
QUAL_23_WIDE_BROAD,Wide / Broad,"Quantity, Quality & Identity",C2 Near-Universal,latus,ADJ,gold,Classical Latin (std. dictionary),
QUAL_24_NARROW,Narrow,"Quantity, Quality & Identity",C2 Near-Universal,angustus,ADJ,gold,Classical Latin (std. dictionary),
QUAL_25_GOOD,Good,"Quantity, Quality & Identity",C1 Core,bonus,ADJ,gold,Classical Latin (std. dictionary),
QUAL_26_BAD_EVIL,Bad / Evil,"Quantity, Quality & Identity",C1 Core,malus,ADJ,gold,Classical Latin (std. dictionary),
QUAL_27_HOT,Hot,"Quantity, Quality & Identity",C1 Core,calidus,ADJ,gold,Classical Latin (std. dictionary),
QUAL_28_COLD,Cold,"Quantity, Quality & Identity",C1 Core,frigidus,ADJ,gold,Classical Latin (std. dictionary),
QUAL_29_WARM,Warm,"Quantity, Quality & Identity",C2 Near-Universal,tepidus,ADJ,gold,Classical Latin (std. dictionary),
QUAL_30_COOL,Cool,"Quantity, Quality & Identity",C2 Near-Universal,temperatus,ADJ,gold,Classical Latin (std. dictionary),
QUAL_31_NEW,New,"Quantity, Quality & Identity",C1 Core,novus,ADJ,gold,Classical Latin (std. dictionary),
QUAL_32_OLD,Old,"Quantity, Quality & Identity",C1 Core,vetus,ADJ,gold,Classical Latin (std. dictionary),
QUAL_33_DRY,Dry,"Quantity, Quality & Identity",C1 Core,siccus,ADJ,gold,Classical Latin (std. dictionary),
QUAL_34_WET,Wet,"Quantity, Quality & Identity",C1 Core,umidus,ADJ,gold,Classical Latin (std. dictionary),
QUAL_35_HEAVY,Heavy,"Quantity, Quality & Identity",C2 Near-Universal,gravis,ADJ,gold,Classical Latin (std. dictionary),
QUAL_36_LIGHT_(WEIGHT),Light (weight),"Quantity, Quality & Identity",C2 Near-Universal,levis,ADJ,gold,Classical Latin (std. dictionary),
QUAL_37_HARD,Hard,"Quantity, Quality & Identity",C1 Core,durus,ADJ,gold,Classical Latin (std. dictionary),
QUAL_38_SOFT,Soft,"Quantity, Quality & Identity",C1 Core,mollis,ADJ,gold,Classical Latin (std. dictionary),
QUAL_39_SHARP,Sharp,"Quantity, Quality & Identity",C2 Near-Universal,acutus,ADJ,gold,Classical Latin (std. dictionary),
QUAL_40_DULL_BLUNT,Dull / Blunt,"Quantity, Quality & Identity",C2 Near-Universal,obtusus,ADJ,gold,Classical Latin (std. dictionary),
QUAL_41_FULL,Full,"Quantity, Quality & Identity",C1 Core,plenus,ADJ,gold,Classical Latin (std. dictionary),
QUAL_42_EMPTY,Empty,"Quantity, Quality & Identity",C1 Core,vacuus,ADJ,gold,Classical Latin (std. dictionary),
QUAL_43_CLEAN,Clean,"Quantity, Quality & Identity",C2 Near-Universal,purus,ADJ,gold,Classical Latin (std. dictionary),
QUAL_44_DIRTY,Dirty,"Quantity, Quality & Identity",C2 Near-Universal,sordidus,ADJ,gold,Classical Latin (std. dictionary),
QUAL_45_WHITE,White,"Quantity, Quality & Identity",C1 Core,albus,ADJ,gold,Classical Latin (std. dictionary),
QUAL_46_BLACK,Black,"Quantity, Quality & Identity",C1 Core,niger,ADJ,gold,Classical Latin (std. dictionary),
QUAL_47_RED,Red,"Quantity, Quality & Identity",C1 Core,ruber,ADJ,gold,Classical Latin (std. dictionary),
QUAL_48_GREEN,Green,"Quantity, Quality & Identity",C2 Near-Universal,viridis,ADJ,gold,Classical Latin (std. dictionary),
QUAL_49_YELLOW,Yellow,"Quantity, Quality & Identity",C2 Near-Universal,flavus,ADJ,gold,Classical Latin (std. dictionary),
QUAL_50_BLUE,Blue,"Quantity, Quality & Identity",C2 Near-Universal,caeruleus,ADJ,gold,Classical Latin (std. dictionary),
QUAL_51_SWEET,Sweet,"Quantity, Quality & Identity",C2 Near-Universal,dulcis,ADJ,gold,Classical Latin (std. dictionary),
QUAL_52_SALTY,Salty,"Quantity, Quality & Identity",C2 Near-Universal,salsus,ADJ,gold,Classical Latin (std. dictionary),
QUAL_53_SOUR,Sour,"Quantity, Quality & Identity",C2 Near-Universal,acidus,ADJ,gold,Classical Latin (std. dictionary),
QUAL_54_BITTER,Bitter,"Quantity, Quality & Identity",C2 Near-Universal,amarus,ADJ,gold,Classical Latin (std. dictionary),
CULT_01_GOD_DEITY,God / Deity,Cultural & Spiritual Concepts,C1 Core,deus,N,gold,Classical Latin (std. dictionary),
CULT_02_SPIRIT_SOUL_BREATH,Spirit / Soul / Breath,Cultural & Spiritual Concepts,C2 Near-Universal,anima,N,gold,Classical Latin (std. dictionary),
CULT_03_KING_RULER,King / Ruler,Cultural & Spiritual Concepts,C2 Near-Universal,rex,N,gold,Classical Latin (std. dictionary),
CULT_04_SLAVE_SERVANT,Slave / Servant,Cultural & Spiritual Concepts,C2 Near-Universal,servus,N,gold,Classical Latin (std. dictionary),
CULT_05_HOUSE_HOME_DWELLING,House / Home / Dwelling,Cultural & Spiritual Concepts,C1 Core,domus,N,gold,Classical Latin (std. dictionary),
CULT_06_DOOR,Door,Cultural & Spiritual Concepts,C1 Core,ianua,N,gold,Classical Latin (std. dictionary),
CULT_07_WALL,Wall,Cultural & Spiritual Concepts,C2 Near-Universal,murus,N,gold,Classical Latin (std. dictionary),
CULT_08_PATH_WAY_ROAD,Path / Way / Road,Cultural & Spiritual Concepts,C1 Core,via,N,gold,Classical Latin (std. dictionary),
CULT_09_VILLAGE_TOWN,Village / Town,Cultural & Spiritual Concepts,C2 Near-Universal,oppidum,N,gold,Classical Latin (std. dictionary),
CULT_10_NAME,Name,Cultural & Spiritual Concepts,C1 Core,nomen,N,gold,Classical Latin (std. dictionary),
CULT_11_LAW_RULE_ORDER,Law / Rule / Order,Cultural & Spiritual Concepts,C2 Near-Universal,lex,N,gold,Classical Latin (std. dictionary),
CULT_12_TRUTH,Truth,Cultural & Spiritual Concepts,C2 Near-Universal,veritas,N,gold,Classical Latin (std. dictionary),
CULT_13_BREAD_STAPLE_FOOD,Bread / Staple Food,Cultural & Spiritual Concepts,C1 Core,panis,N,gold,Classical Latin (std. dictionary),
CULT_14_MEAT,Meat,Cultural & Spiritual Concepts,C2 Near-Universal,caro,N,gold,Classical Latin (std. dictionary),
CULT_15_MILK,Milk,Cultural & Spiritual Concepts,C2 Near-Universal,lac,N,gold,Classical Latin (std. dictionary),
CULT_16_SALT,Salt,Cultural & Spiritual Concepts,C1 Core,sal,N,gold,Classical Latin (std. dictionary),
CULT_17_OIL_FAT,Oil / Fat,Cultural & Spiritual Concepts,C2 Near-Universal,oleum,N,gold,Classical Latin (std. dictionary),
CULT_18_HONEY,Honey,Cultural & Spiritual Concepts,C2 Near-Universal,mel,N,gold,Classical Latin (std. dictionary),
CULT_19_BOAT_SHIP,Boat / Ship,Cultural & Spiritual Concepts,C2 Near-Universal,navis,N,gold,Classical Latin (std. dictionary),
CULT_20_FIREPLACE_HEARTH,Fireplace / Hearth,Cultural & Spiritual Concepts,C2 Near-Universal,focus,N,gold,Classical Latin (std. dictionary),
CULT_21_MARKET_TRADE,Market / Trade,Cultural & Spiritual Concepts,C2 Near-Universal,forum,N,gold,Classical Latin (std. dictionary),
CULT_22_WAR_BATTLE,War / Battle,Cultural & Spiritual Concepts,C2 Near-Universal,bellum,N,gold,Classical Latin (std. dictionary),
PRONQ_01_I_ME,I / Me,Pronouns & Interrogatives,C1 Core,ego,PRON,gold,Classical Latin (std. dictionary),
PRONQ_02_YOU_(SG),You (sg),Pronouns & Interrogatives,C1 Core,tu,PRON,gold,Classical Latin (std. dictionary),
PRONQ_03_HE_SHE_IT,He / She / It,Pronouns & Interrogatives,C1 Core,is,PRON,gold,Classical Latin (std. dictionary),
PRONQ_04_WE_(INCLUSIVE/EXCLUSIVE_NOT_MARKED),We (inclusive/exclusive not marked),Pronouns & Interrogatives,C1 Core,nos,PRON,gold,Classical Latin (std. dictionary),
PRONQ_05_YOU_(PL),You (pl),Pronouns & Interrogatives,C1 Core,vos,PRON,gold,Classical Latin (std. dictionary),
PRONQ_06_THEY,They,Pronouns & Interrogatives,C1 Core,ei,PRON,gold,Classical Latin (std. dictionary),
PRONQ_07_WHO,Who?,Pronouns & Interrogatives,C1 Core,quis,PRON,gold,Classical Latin (std. dictionary),
PRONQ_08_WHAT,What?,Pronouns & Interrogatives,C1 Core,quid,PRON,gold,Classical Latin (std. dictionary),
PRONQ_09_WHERE,Where?,Pronouns & Interrogatives,C1 Core,ubi,ADV,gold,Classical Latin (std. dictionary),
PRONQ_10_WHEN,When?,Pronouns & Interrogatives,C1 Core,quando,ADV,gold,Classical Latin (std. dictionary),
PRONQ_11_HOW,How?,Pronouns & Interrogatives,C1 Core,quomodo,ADV,gold,Classical Latin (std. dictionary),
PRONQ_12_WHY,Why?,Pronouns & Interrogatives,C2 Near-Universal,cur,ADV,gold,Classical Latin (std. dictionary),
PRONQ_13_THIS_(PROXIMAL),This (proximal),Pronouns & Interrogatives,C1 Core,hic,PRON,gold,Classical Latin (std. dictionary),
PRONQ_14_THAT_(DISTAL),That (distal),Pronouns & Interrogatives,C1 Core,ille,PRON,gold,Classical Latin (std. dictionary),
PRONQ_15_THESE_(PROX._PL.),These (prox. pl.),Pronouns & Interrogatives,C2 Near-Universal,hi,PRON,gold,Classical Latin (std. dictionary),
PRONQ_16_THOSE_(DIST._PL.),Those (dist. pl.),Pronouns & Interrogatives,C2 Near-Universal,illi,PRON,gold,Classical Latin (std. dictionary),
REL_01_AND,And,Relational & Function Words,C1 Core,et,CONJ,gold,Classical Latin (std. dictionary),
REL_02_OR,Or,Relational & Function Words,C1 Core,aut,CONJ,gold,Classical Latin (std. dictionary),
REL_03_NOT_NO,Not / No,Relational & Function Words,C1 Core,non,ADV,gold,Classical Latin (std. dictionary),
REL_04_IF,If,Relational & Function Words,C1 Core,si,CONJ,gold,Classical Latin (std. dictionary),
REL_05_BECAUSE,Because,Relational & Function Words,C2 Near-Universal,quia,CONJ,gold,Classical Latin (std. dictionary),
REL_06_WITH,With,Relational & Function Words,C1 Core,cum,PREP,gold,Classical Latin (std. dictionary),
REL_07_WITHOUT,Without,Relational & Function Words,C2 Near-Universal,sine,PREP,gold,Classical Latin (std. dictionary),
REL_08_IN_AT_ON,In / At / On,Relational & Function Words,C1 Core,in,PREP,gold,Classical Latin (std. dictionary),
REL_09_FROM,From,Relational & Function Words,C1 Core,ex,PREP,gold,Classical Latin (std. dictionary),
REL_10_TO_TOWARD,To / Toward,Relational & Function Words,C1 Core,ad,PREP,gold,Classical Latin (std. dictionary),
REL_11_OVER_ABOVE,Over / Above,Relational & Function Words,C2 Near-Universal,super,PREP,gold,Classical Latin (std. dictionary),
REL_12_UNDER_BELOW,Under / Below,Relational & Function Words,C2 Near-Universal,sub,PREP,gold,Classical Latin (std. dictionary),
REL_13_BETWEEN,Between,Relational & Function Words,C2 Near-Universal,inter,PREP,gold,Classical Latin (std. dictionary),
REL_14_BEFORE_(TIME),Before (time),Relational & Function Words,C1 Core,ante,PREP,gold,Classical Latin (std. dictionary),
REL_15_AFTER_(TIME),After (time),Relational & Function Words,C1 Core,post,PREP,gold,Classical Latin (std. dictionary),
POSEX_01_HAVE_POSSESS,Have / Possess,Possession & Existence,C1 Core,habere,V,gold,Classical Latin (std. dictionary),
POSEX_02_BE_EXIST,Be / Exist,Possession & Existence,C1 Core,esse,V,gold,Classical Latin (std. dictionary),
POSEX_03_OWN_PROPERTY,Own / Property,Possession & Existence,C2 Near-Universal,possessio,N,gold,Classical Latin (std. dictionary),
POSEX_04_BELONG_(TO),Belong (to),Possession & Existence,C2 Near-Universal,pertinere,V,gold,Classical Latin (std. dictionary),
